7344	14368	1.0
7344	108403	1.0
5150	229937	1.0
5196	172128	1.0
5196	565745	1.0
5196	114829	1.0
10137	57168	1.0
2385	407654	1.0
2385	373059	1.0
10734	589970	1.0
10734	263481	1.0
10734	470289	1.0
10734	225718	1.0
10734	426278	1.0
10734	62882	1.0
6004	149555	1.0
4339	386531	1.0
4339	488615	1.0
3683	276975	1.0
3683	185909	1.0
3683	454501	1.0
3683	565016	1.0
3683	522713	1.0
3683	105973	1.0
603	456440	1.0
4153	459596	1.0
9291	96926	1.0
9291	480315	1.0
9329	523913	1.0
9329	326991	1.0
5178	240261	1.0
5178	561056	1.0
5178	111815	1.0
5178	393833	1.0
5178	39819	1.0
6467	453256	1.0
6467	66834	1.0
6467	23217	1.0
6467	346641	1.0
6467	367313	1.0
2880	533791	1.0
2747	540571	1.0
90	31793	1.0
858	146632	1.0
858	45185	1.0
858	122485	1.0
858	278450	1.0
6713	147853	1.0
6713	357571	1.0
885	337165	1.0
885	409184	1.0
684	441120	1.0
5021	589285	1.0
2685	384532	1.0
2685	154113	1.0
2685	370300	1.0
2685	37900	1.0
2685	382005	1.0
2685	303293	1.0
2685	594182	1.0
2685	468923	1.0
1826	401731	1.0
1826	8057	1.0
1826	181787	1.0
1826	583788	1.0
904	415514	1.0
34	599545	1.0
5460	93248	1.0
5460	184337	1.0
5460	21174	1.0
5460	108514	1.0
5460	463885	1.0
2891	31117	1.0
9481	30417	1.0
9481	402240	1.0
1074	443960	1.0
5343	2860	1.0
8475	494655	1.0
8475	240562	1.0
8475	293320	1.0
8475	104793	1.0
8475	437427	1.0
8475	444107	1.0
8475	481728	1.0
4714	505057	1.0
4714	584450	1.0
4714	450819	1.0
4714	324833	1.0
7534	175821	1.0
7534	89714	1.0
7534	358125	1.0
3694	282442	1.0
3694	204747	1.0
3859	230261	1.0
570	363591	1.0
6644	175035	1.0
6647	69790	1.0
6647	428017	1.0
6647	462265	1.0
5592	355241	1.0
9403	6666	1.0
9403	328086	1.0
9403	345199	1.0
4188	468108	1.0
9808	40702	1.0
9808	557582	1.0
9808	431946	1.0
7823	105666	1.0
7823	583549	1.0
7823	451196	1.0
4394	336045	1.0
4394	441582	1.0
4289	288330	1.0
4289	24881	1.0
9188	265167	1.0
9188	580802	1.0
6875	224392	1.0
4142	586930	1.0
4142	544020	1.0
4142	203926	1.0
4142	61346	1.0
3767	368679	1.0
3767	153922	1.0
3767	392060	1.0
3767	520395	1.0
3767	320246	1.0
104	575869	1.0
104	523158	1.0
1915	318266	1.0
1915	433801	1.0
3103	176596	1.0
5064	2003	1.0
5064	192811	1.0
9643	112208	1.0
3189	225395	1.0
3189	272840	1.0
2384	435835	1.0
1306	594206	1.0
1306	484437	1.0
1306	204075	1.0
1306	167684	1.0
109	73427	1.0
659	13139	1.0
659	230908	1.0
659	584685	1.0
659	439467	1.0
659	264297	1.0
659	235925	1.0
659	168796	1.0
659	120279	1.0
659	365240	1.0
659	449079	1.0
2051	558042	1.0
3822	305907	1.0
3822	385090	1.0
3822	418900	1.0
3822	308837	1.0
6122	496166	1.0
6122	169824	1.0
6122	44344	1.0
94	245447	1.0
5125	318728	1.0
6199	414693	1.0
6199	584273	1.0
6199	239214	1.0
6199	169921	1.0
3759	527966	1.0
3759	67167	1.0
3759	522358	1.0
10526	39185	1.0
10526	283008	1.0
2376	64263	1.0
2376	549833	1.0
2376	91545	1.0
2376	324411	1.0
2376	114417	1.0
2376	407455	1.0
2376	402249	1.0
2376	244961	1.0
5045	264554	1.0
5080	256055	1.0
3781	131959	1.0
3781	413328	1.0
1416	326717	1.0
4433	146181	1.0
4433	301580	1.0
4007	556220	1.0
4007	388704	1.0
4007	521657	1.0
6800	35191	1.0
2598	376126	1.0
2598	593029	1.0
4678	305153	1.0
10645	588607	1.0
10645	22221	1.0
8072	394244	1.0
8072	169062	1.0
8072	31465	1.0
10979	148728	1.0
10979	164001	1.0
10979	362762	1.0
10979	121158	1.0
3480	53468	1.0
3480	418352	1.0
3480	221015	1.0
3480	75568	1.0
9929	266323	1.0
9929	568006	1.0
5464	350399	1.0
5464	294549	1.0
5464	86691	1.0
4504	2981	1.0
4504	566458	1.0
2579	197052	1.0
2579	524471	1.0
2579	432808	1.0
2579	191977	1.0
2579	280838	1.0
2579	432020	1.0
4865	100485	1.0
6787	587120	1.0
4615	496427	1.0
4615	261900	1.0
4615	262934	1.0
4615	69523	1.0
4615	421365	1.0
4615	596196	1.0
1889	388713	1.0
4700	345137	1.0
8947	455398	1.0
8947	461592	1.0
4105	166412	1.0
4105	25096	1.0
6909	127012	1.0
8202	513258	1.0
8202	93971	1.0
8507	509819	1.0
8507	370995	1.0
8507	351615	1.0
1321	216456	1.0
1321	292065	1.0
9487	165544	1.0
8789	87349	1.0
8789	70853	1.0
8789	41912	1.0
10183	66858	1.0
10183	314342	1.0
2070	136438	1.0
2070	363678	1.0
2070	30253	1.0
988	226053	1.0
988	107688	1.0
3837	345533	1.0
7911	57711	1.0
7911	131996	1.0
9701	387141	1.0
9701	357739	1.0
68	19183	1.0
10136	526115	1.0
10136	152316	1.0
10136	290930	1.0
10628	588116	1.0
2964	302409	1.0
2964	95116	1.0
4019	287991	1.0
4019	379948	1.0
4019	332749	1.0
4019	6881	1.0
4019	125477	1.0
3039	136804	1.0
6005	135415	1.0
6005	478457	1.0
6005	345895	1.0
6005	73310	1.0
6005	384626	1.0
6005	176498	1.0
6005	149500	1.0
6005	572272	1.0
6005	414288	1.0
6005	507544	1.0
6005	390689	1.0
6005	414534	1.0
6005	270856	1.0
7880	272790	1.0
7880	85319	1.0
2416	162612	1.0
2416	48569	1.0
2416	105129	1.0
2416	471247	1.0
3612	402726	1.0
3612	584291	1.0
3612	259625	1.0
3612	212687	1.0
4777	590710	1.0
5155	462892	1.0
4756	340254	1.0
2516	505678	1.0
2516	199508	1.0
2516	446340	1.0
2516	566602	1.0
7928	480967	1.0
7928	118633	1.0
7928	501504	1.0
7928	499811	1.0
10827	160786	1.0
10827	42301	1.0
10827	7748	1.0
10827	107554	1.0
10827	95282	1.0
10792	195044	1.0
10792	374956	1.0
776	467044	1.0
776	583640	1.0
776	597247	1.0
776	124027	1.0
776	592680	1.0
776	10440	1.0
776	127263	1.0
776	332373	1.0
776	220127	1.0
776	597880	1.0
776	496899	1.0
776	591516	1.0
6907	251604	1.0
2383	17215	1.0
2383	232199	1.0
4125	344648	1.0
4125	72046	1.0
2118	411061	1.0
106	76695	1.0
4823	104726	1.0
4823	362919	1.0
4823	561929	1.0
1230	191649	1.0
5402	491350	1.0
5402	227485	1.0
8974	140738	1.0
8974	216365	1.0
8974	523331	1.0
8974	134931	1.0
8974	356595	1.0
8974	170625	1.0
8974	10476	1.0
8974	478242	1.0
5228	232451	1.0
6679	242298	1.0
6679	581672	1.0
6679	358492	1.0
8013	496159	1.0
8013	224231	1.0
9737	245082	1.0
9737	419897	1.0
9737	99131	1.0
9391	136515	1.0
9391	283202	1.0
9391	248158	1.0
9391	503637	1.0
8539	218728	1.0
8539	292609	1.0
8539	196304	1.0
8539	396038	1.0
4804	583651	1.0
4804	104395	1.0
7467	193312	1.0
6219	48946	1.0
6219	146924	1.0
3115	129364	1.0
3115	183869	1.0
3115	234950	1.0
3115	389028	1.0
3115	233562	1.0
3115	316794	1.0
5993	94373	1.0
5993	367375	1.0
5993	287571	1.0
5993	224918	1.0
5993	128574	1.0
5993	431212	1.0
5993	272866	1.0
5993	230215	1.0
5993	55084	1.0
5993	160193	1.0
5993	5827	1.0
5993	352638	1.0
5993	63690	1.0
5993	426120	1.0
5993	63501	1.0
5134	158523	1.0
5134	206727	1.0
928	349866	1.0
928	11572	1.0
4265	392163	1.0
4265	293111	1.0
4265	140947	1.0
4265	349710	1.0
4265	157553	1.0
4265	93881	1.0
8005	48800	1.0
8116	236482	1.0
8116	433032	1.0
2399	343489	1.0
6262	34538	1.0
6262	26799	1.0
6262	390877	1.0
4571	496857	1.0
4571	282392	1.0
4571	213824	1.0
5503	146277	1.0
5503	64279	1.0
5090	436493	1.0
5090	12988	1.0
604	451443	1.0
604	231947	1.0
604	261622	1.0
691	395912	1.0
10845	191588	1.0
622	179756	1.0
622	369239	1.0
2590	296528	1.0
2590	209493	1.0
2590	589625	1.0
5264	371720	1.0
5264	52579	1.0
5264	505694	1.0
5264	431814	1.0
5264	576564	1.0
2395	179066	1.0
4539	370879	1.0
4539	275925	1.0
7533	162668	1.0
7533	93853	1.0
7377	579557	1.0
929	367754	1.0
3404	442110	1.0
3404	556976	1.0
3404	160301	1.0
3404	488574	1.0
3404	498834	1.0
3404	395483	1.0
3404	277583	1.0
9108	272021	1.0
9108	472585	1.0
5374	152688	1.0
2296	396853	1.0
2296	106424	1.0
2296	400009	1.0
2296	119298	1.0
2296	83330	1.0
2296	366594	1.0
2296	279897	1.0
2296	253563	1.0
2296	130850	1.0
7269	486696	1.0
4981	45218	1.0
4981	247894	1.0
4981	102684	1.0
1748	18001	1.0
1748	528564	1.0
1748	576295	1.0
3033	571430	1.0
3033	265866	1.0
5970	181608	1.0
5970	546568	1.0
5970	168453	1.0
10034	480749	1.0
10034	181942	1.0
10912	518721	1.0
3829	523850	1.0
3829	291438	1.0
1391	266229	1.0
1391	562176	1.0
1391	440745	1.0
2549	58451	1.0
2549	21103	1.0
1150	531698	1.0
1150	43603	1.0
1150	353369	1.0
1150	19936	1.0
10975	61022	1.0
7463	577951	1.0
7463	582005	1.0
7463	105634	1.0
7463	305287	1.0
7463	5152	1.0
3006	127838	1.0
3006	512096	1.0
3006	269851	1.0
3006	403137	1.0
3006	568473	1.0
3006	328300	1.0
2513	82344	1.0
1310	535651	1.0
56	572690	1.0
9646	556191	1.0
9646	272784	1.0
7071	124230	1.0
7071	238629	1.0
5380	549254	1.0
2968	242124	1.0
2968	388646	1.0
6080	164513	1.0
6080	22856	1.0
6612	254454	1.0
6612	205522	1.0
6612	322900	1.0
5981	564554	1.0
5981	245532	1.0
5981	171483	1.0
5981	286182	1.0
5981	210439	1.0
4312	116647	1.0
4312	222639	1.0
4312	135845	1.0
4312	167950	1.0
4312	282435	1.0
4312	399149	1.0
4312	507284	1.0
6121	394460	1.0
6121	289231	1.0
3724	302512	1.0
3724	273497	1.0
3724	309200	1.0
3724	508921	1.0
3724	434190	1.0
3724	279570	1.0
3724	497216	1.0
3724	552887	1.0
3724	341146	1.0
3724	199970	1.0
9925	374309	1.0
9925	289120	1.0
6985	456436	1.0
9115	158520	1.0
9115	207325	1.0
9115	422467	1.0
1530	28764	1.0
1530	313361	1.0
1530	219425	1.0
1281	361415	1.0
4071	129875	1.0
8040	523058	1.0
3566	152286	1.0
3566	99943	1.0
3566	307424	1.0
4031	115741	1.0
3394	445971	1.0
3394	342258	1.0
3394	129319	1.0
3394	570664	1.0
7205	159966	1.0
1948	467509	1.0
7879	102029	1.0
7879	372551	1.0
7879	421285	1.0
4767	280805	1.0
4767	568670	1.0
4767	224057	1.0
4767	22804	1.0
4767	125986	1.0
7633	494727	1.0
7633	442048	1.0
7633	122996	1.0
7633	197839	1.0
687	146021	1.0
687	268992	1.0
9633	534418	1.0
9633	585447	1.0
715	579763	1.0
715	546538	1.0
715	187404	1.0
7145	81458	1.0
7145	17923	1.0
7145	116865	1.0
547	6349	1.0
547	278629	1.0
4179	278196	1.0
6891	277217	1.0
6891	463837	1.0
6891	474351	1.0
1676	77245	1.0
1676	394871	1.0
1676	58937	1.0
1676	234436	1.0
7705	539263	1.0
7705	195191	1.0
7705	377429	1.0
529	510701	1.0
7096	482238	1.0
3830	54952	1.0
895	416268	1.0
810	30596	1.0
5940	486243	1.0
5940	433827	1.0
5940	93936	1.0
3934	457034	1.0
3934	122952	1.0
3934	209604	1.0
3934	201769	1.0
3594	246882	1.0
3594	554171	1.0
3594	525247	1.0
3594	490294	1.0
8512	32811	1.0
2676	55666	1.0
3995	427032	1.0
3995	278734	1.0
3995	297900	1.0
3995	506909	1.0
3995	230208	1.0
1090	518896	1.0
1090	203091	1.0
3451	26292	1.0
3451	192307	1.0
3451	276883	1.0
3451	588448	1.0
3451	165970	1.0
3451	490170	1.0
3451	99132	1.0
813	106501	1.0
813	436701	1.0
4037	10275	1.0
4037	298099	1.0
2498	365456	1.0
7188	305346	1.0
6562	135675	1.0
6562	582414	1.0
6562	561344	1.0
6562	501157	1.0
7925	318185	1.0
7925	251100	1.0
7925	503912	1.0
7925	310636	1.0
7925	402482	1.0
7925	438974	1.0
2857	233732	1.0
2857	501384	1.0
2857	60175	1.0
2857	295864	1.0
2088	399875	1.0
2088	599524	1.0
5616	391291	1.0
852	245702	1.0
852	531288	1.0
852	431735	1.0
2568	139047	1.0
2568	388798	1.0
2568	296769	1.0
2568	346042	1.0
2568	108739	1.0
2568	590082	1.0
2568	127353	1.0
1451	538005	1.0
620	331332	1.0
620	417301	1.0
620	189303	1.0
620	180673	1.0
620	487067	1.0
5683	173026	1.0
5683	448690	1.0
2790	423403	1.0
2790	279329	1.0
2790	27268	1.0
2790	472484	1.0
2790	100483	1.0
2790	469125	1.0
2790	4612	1.0
5903	231863	1.0
8378	178684	1.0
8378	102237	1.0
8378	125298	1.0
1670	290887	1.0
1670	393898	1.0
1670	493792	1.0
1415	387165	1.0
1415	306144	1.0
1415	66246	1.0
1415	393953	1.0
2306	581889	1.0
2306	315875	1.0
1877	178697	1.0
9381	408123	1.0
9381	384983	1.0
2445	431685	1.0
6002	404605	1.0
6002	273501	1.0
6002	390642	1.0
6002	359862	1.0
6002	516848	1.0
6002	391819	1.0
6002	34389	1.0
6002	233472	1.0
6002	519346	1.0
6002	593434	1.0
6002	154181	1.0
9871	448890	1.0
9871	76562	1.0
9871	40051	1.0
9871	170594	1.0
10267	17652	1.0
10267	457108	1.0
10267	424511	1.0
10267	328556	1.0
10267	460398	1.0
6479	272008	1.0
6479	404339	1.0
5086	96606	1.0
4205	79777	1.0
4205	134239	1.0
4205	540451	1.0
4845	40424	1.0
4845	339928	1.0
4845	41625	1.0
4500	163048	1.0
4500	533623	1.0
6133	7733	1.0
6133	415705	1.0
8959	250164	1.0
6896	251704	1.0
3177	17208	1.0
3177	536120	1.0
3177	268289	1.0
9979	538237	1.0
9979	35633	1.0
9979	337243	1.0
9979	35369	1.0
4846	151104	1.0
4846	323749	1.0
6625	88892	1.0
6146	7403	1.0
6146	160125	1.0
1832	590276	1.0
2443	305579	1.0
7509	178303	1.0
10213	380942	1.0
10213	270221	1.0
10213	545712	1.0
8537	6574	1.0
5067	547301	1.0
2108	525200	1.0
2108	309171	1.0
2108	155389	1.0
939	392434	1.0
9296	435746	1.0
9296	206744	1.0
4464	102904	1.0
2737	426678	1.0
6142	155461	1.0
6142	209863	1.0
3909	404352	1.0
3909	200690	1.0
3909	312248	1.0
3909	404356	1.0
3909	374400	1.0
3909	61586	1.0
3909	514003	1.0
3909	193459	1.0
3909	245616	1.0
3909	353028	1.0
3791	327432	1.0
3791	577201	1.0
3791	212222	1.0
859	449630	1.0
859	18749	1.0
4411	79903	1.0
4411	68239	1.0
4411	116545	1.0
4523	594257	1.0
4523	119165	1.0
4523	393009	1.0
4523	129255	1.0
4523	66626	1.0
2010	44256	1.0
2010	233877	1.0
2010	174034	1.0
945	352052	1.0
4600	482415	1.0
689	411044	1.0
1920	269943	1.0
5653	588247	1.0
11088	437100	1.0
7594	573899	1.0
7700	273761	1.0
7700	507468	1.0
7700	2653	1.0
7700	179328	1.0
7206	441155	1.0
7206	532211	1.0
7206	553066	1.0
2695	305904	1.0
2895	521996	1.0
2895	328691	1.0
8017	97836	1.0
9882	65702	1.0
6849	44601	1.0
5356	279785	1.0
5356	71553	1.0
5356	381362	1.0
5356	312405	1.0
5356	562259	1.0
8832	94689	1.0
6278	138511	1.0
6278	63698	1.0
7622	253369	1.0
7622	378594	1.0
2316	482343	1.0
2316	348955	1.0
9088	569461	1.0
9088	561377	1.0
18	88124	1.0
8532	416307	1.0
8532	27401	1.0
8532	320101	1.0
2264	534454	1.0
2264	412819	1.0
5906	409907	1.0
5906	15172	1.0
6867	443804	1.0
6867	466143	1.0
6867	878	1.0
6867	540799	1.0
6867	502607	1.0
6867	445258	1.0
6867	538750	1.0
7592	273947	1.0
4499	323363	1.0
4499	513818	1.0
4499	76996	1.0
9824	574777	1.0
7734	226070	1.0
7734	433905	1.0
3801	390529	1.0
3801	307776	1.0
6959	208331	1.0
6959	205010	1.0
8102	552707	1.0
8102	557877	1.0
8102	378173	1.0
8102	90294	1.0
5255	75112	1.0
5255	330453	1.0
5255	412830	1.0
3148	178127	1.0
3148	584305	1.0
3148	438000	1.0
3148	92888	1.0
3148	172855	1.0
1159	496064	1.0
475	366761	1.0
3049	127974	1.0
3049	88477	1.0
3049	582864	1.0
3049	450808	1.0
3789	459724	1.0
3789	274573	1.0
3789	492856	1.0
3789	571131	1.0
6683	592187	1.0
6683	77631	1.0
7345	508821	1.0
7345	237645	1.0
7345	527080	1.0
4286	70460	1.0
4286	566069	1.0
98	575929	1.0
98	527522	1.0
9548	297290	1.0
2348	211867	1.0
2348	247486	1.0
2348	381757	1.0
2348	447619	1.0
2348	566573	1.0
2348	410166	1.0
2348	211622	1.0
2348	474234	1.0
2348	306430	1.0
2348	268261	1.0
2348	352271	1.0
2348	543714	1.0
2348	146441	1.0
2348	265874	1.0
2348	134864	1.0
4233	16270	1.0
4233	590836	1.0
4233	154886	1.0
4233	31377	1.0
4233	187129	1.0
2648	307120	1.0
5646	200972	1.0
5646	426510	1.0
5646	516413	1.0
2486	487791	1.0
2075	170042	1.0
2075	44417	1.0
2075	260983	1.0
2075	359580	1.0
2075	60459	1.0
2075	523393	1.0
2075	519619	1.0
2075	301866	1.0
2075	14967	1.0
5862	130209	1.0
5862	269898	1.0
5862	170141	1.0
5862	562511	1.0
1322	399418	1.0
1322	114231	1.0
1322	115552	1.0
1322	64138	1.0
4484	33990	1.0
4946	121690	1.0
1157	272425	1.0
1157	405777	1.0
10674	99857	1.0
10674	257241	1.0
10674	543589	1.0
10674	3095	1.0
2472	401125	1.0
2472	370334	1.0
2472	307315	1.0
5741	259081	1.0
5741	25943	1.0
7068	61864	1.0
7068	10797	1.0
1736	399406	1.0
1736	396933	1.0
1736	25543	1.0
1736	562896	1.0
1736	443419	1.0
6131	326094	1.0
6131	365263	1.0
6131	218088	1.0
6131	252534	1.0
6131	381720	1.0
6131	235452	1.0
6131	170204	1.0
6131	416679	1.0
6131	334111	1.0
6131	2460	1.0
6131	368806	1.0
6131	258465	1.0
3179	150219	1.0
3179	385073	1.0
2183	132678	1.0
2183	124427	1.0
2183	571625	1.0
2183	498146	1.0
2183	24994	1.0
2183	24344	1.0
3051	232063	1.0
3051	591940	1.0
7178	401329	1.0
1994	434846	1.0
1994	565157	1.0
1994	51491	1.0
1994	243356	1.0
1994	156640	1.0
9617	408524	1.0
9617	364735	1.0
9617	314008	1.0
5231	146188	1.0
10109	28314	1.0
10109	506374	1.0
10109	93231	1.0
10109	156029	1.0
10109	406974	1.0
10109	499849	1.0
10109	566591	1.0
9275	338754	1.0
9275	14364	1.0
6890	558703	1.0
6890	240196	1.0
9771	263955	1.0
9771	28740	1.0
7992	559654	1.0
7992	264476	1.0
864	472924	1.0
864	30142	1.0
864	211364	1.0
864	24890	1.0
864	566337	1.0
864	152072	1.0
5422	273906	1.0
5422	79517	1.0
5422	151973	1.0
5422	13513	1.0
7448	418150	1.0
1297	171761	1.0
9385	403755	1.0
1441	178	1.0
1441	414940	1.0
1441	416727	1.0
1441	471123	1.0
10932	104134	1.0
10122	570787	1.0
10122	139368	1.0
10122	273718	1.0
10122	259084	1.0
6635	102449	1.0
6635	587137	1.0
6635	3656	1.0
6635	156358	1.0
3771	521712	1.0
3771	128471	1.0
3771	488948	1.0
3771	198349	1.0
3771	217683	1.0
3771	49601	1.0
2587	89326	1.0
3085	248619	1.0
3085	527010	1.0
5427	200603	1.0
5427	323284	1.0
8247	42521	1.0
8247	475170	1.0
8247	321114	1.0
8247	465313	1.0
2551	413832	1.0
2551	450742	1.0
2551	143100	1.0
10039	67785	1.0
6862	386796	1.0
