mlqa:272	215	1
mlqa:526	441	1
mlqa:659	480	1
mlqa:446	487	1
mlqa:523	524	1
mlqa:749	51	1
mlqa:14	57	1
mlqa:618	123	1
mlqa:379	217	1
mlqa:5	248	1
mlqa:118	250	1
mlqa:124	251	1
mlqa:978	288	1
mlqa:752	306	1
mlqa:735	308	1
mlqa:848	309	1
mlqa:401	346	1
mlqa:42	391	1
mlqa:724	392	1
mlqa:645	393	1
mlqa:310	394	1
mlqa:429	525	1
mlqa:527	47	1
mlqa:385	48	1
mlqa:180	49	1
mlqa:155	50	1
mlqa:28	52	1
mlqa:462	52	1
mlqa:6	53	1
mlqa:727	54	1
mlqa:967	55	1
mlqa:474	56	1
mlqa:482	58	1
mlqa:415	59	1
mlqa:364	60	1
mlqa:114	61	1
mlqa:211	62	1
mlqa:357	63	1
mlqa:923	64	1
mlqa:122	65	1
mlqa:762	66	1
mlqa:145	68	1
mlqa:731	68	1
mlqa:96	69	1
mlqa:112	70	1
mlqa:734	71	1
mlqa:954	72	1
mlqa:163	72	1
mlqa:804	73	1
mlqa:932	74	1
mlqa:342	76	1
mlqa:701	77	1
mlqa:840	78	1
mlqa:196	79	1
mlqa:24	80	1
mlqa:151	82	1
mlqa:922	83	1
mlqa:801	84	1
mlqa:898	85	1
mlqa:765	86	1
mlqa:329	87	1
mlqa:92	88	1
mlqa:909	89	1
mlqa:931	90	1
mlqa:876	91	1
mlqa:182	92	1
mlqa:335	93	1
mlqa:878	94	1
mlqa:158	95	1
mlqa:821	96	1
mlqa:966	97	1
mlqa:413	98	1
mlqa:75	99	1
mlqa:969	100	1
mlqa:307	101	1
mlqa:745	102	1
mlqa:905	103	1
mlqa:556	103	1
mlqa:605	104	1
mlqa:548	105	1
mlqa:568	106	1
mlqa:460	107	1
mlqa:437	108	1
mlqa:881	109	1
mlqa:968	110	1
mlqa:811	111	1
mlqa:714	112	1
mlqa:810	113	1
mlqa:641	114	1
mlqa:353	115	1
mlqa:476	117	1
mlqa:767	119	1
mlqa:483	120	1
mlqa:34	121	1
mlqa:818	122	1
mlqa:245	124	1
mlqa:203	125	1
mlqa:132	126	1
mlqa:822	127	1
mlqa:58	128	1
mlqa:896	129	1
mlqa:869	130	1
mlqa:780	131	1
mlqa:346	132	1
mlqa:601	133	1
mlqa:498	134	1
mlqa:964	135	1
mlqa:918	136	1
mlqa:72	136	1
mlqa:868	137	1
mlqa:257	138	1
mlqa:450	139	1
mlqa:453	140	1
mlqa:855	141	1
mlqa:952	142	1
mlqa:447	143	1
mlqa:758	144	1
mlqa:832	145	1
mlqa:480	146	1
mlqa:935	147	1
mlqa:452	148	1
mlqa:763	149	1
mlqa:208	150	1
mlqa:127	151	1
mlqa:741	152	1
mlqa:711	153	1
mlqa:885	154	1
mlqa:584	155	1
mlqa:286	156	1
mlqa:91	157	1
mlqa:497	158	1
mlqa:433	159	1
mlqa:652	160	1
mlqa:94	161	1
mlqa:971	162	1
mlqa:332	164	1
mlqa:77	165	1
mlqa:959	166	1
mlqa:649	167	1
mlqa:520	168	1
mlqa:334	169	1
mlqa:473	170	1
mlqa:919	171	1
mlqa:691	172	1
mlqa:410	173	1
mlqa:796	174	1
mlqa:224	175	1
mlqa:56	176	1
mlqa:326	177	1
mlqa:625	178	1
mlqa:908	179	1
mlqa:686	181	1
mlqa:665	182	1
mlqa:164	183	1
mlqa:626	184	1
mlqa:121	185	1
mlqa:893	186	1
mlqa:141	187	1
mlqa:609	188	1
mlqa:603	189	1
mlqa:103	190	1
mlqa:912	191	1
mlqa:284	192	1
mlqa:630	193	1
mlqa:963	194	1
mlqa:702	195	1
mlqa:493	196	1
mlqa:627	197	1
mlqa:941	198	1
mlqa:89	199	1
mlqa:900	200	1
mlqa:907	201	1
mlqa:12	202	1
mlqa:298	203	1
mlqa:463	204	1
mlqa:406	205	1
mlqa:232	206	1
mlqa:889	207	1
mlqa:572	208	1
mlqa:642	209	1
mlqa:372	210	1
mlqa:116	210	1
mlqa:277	211	1
mlqa:330	212	1
mlqa:267	213	1
mlqa:585	213	1
mlqa:317	214	1
mlqa:743	216	1
mlqa:325	218	1
mlqa:656	220	1
mlqa:394	221	1
mlqa:684	222	1
mlqa:831	223	1
mlqa:814	224	1
mlqa:154	225	1
mlqa:638	226	1
mlqa:434	227	1
mlqa:198	228	1
mlqa:757	229	1
mlqa:225	230	1
mlqa:235	231	1
mlqa:808	232	1
mlqa:99	233	1
mlqa:688	234	1
mlqa:784	235	1
mlqa:557	236	1
mlqa:48	237	1
mlqa:692	238	1
mlqa:970	239	1
mlqa:879	240	1
mlqa:945	241	1
mlqa:916	242	1
mlqa:738	243	1
mlqa:419	244	1
mlqa:78	245	1
mlqa:496	246	1
mlqa:29	247	1
mlqa:901	249	1
mlqa:135	252	1
mlqa:772	253	1
mlqa:9	254	1
mlqa:904	255	1
mlqa:863	256	1
mlqa:254	257	1
mlqa:944	258	1
mlqa:569	259	1
mlqa:827	261	1
mlqa:350	262	1
mlqa:760	262	1
mlqa:806	263	1
mlqa:422	264	1
mlqa:924	265	1
mlqa:200	266	1
mlqa:936	267	1
mlqa:7	268	1
mlqa:663	270	1
mlqa:730	270	1
mlqa:87	271	1
mlqa:902	273	1
mlqa:789	274	1
mlqa:312	275	1
mlqa:797	276	1
mlqa:774	278	1
mlqa:857	279	1
mlqa:977	280	1
mlqa:123	281	1
mlqa:892	282	1
mlqa:199	283	1
mlqa:871	284	1
mlqa:522	285	1
mlqa:865	286	1
mlqa:845	287	1
mlqa:939	289	1
mlqa:637	290	1
mlqa:934	291	1
mlqa:83	292	1
mlqa:398	293	1
mlqa:111	294	1
mlqa:729	295	1
mlqa:669	296	1
mlqa:732	297	1
mlqa:383	298	1
mlqa:815	299	1
mlqa:228	301	1
mlqa:441	302	1
mlqa:617	303	1
mlqa:427	304	1
mlqa:888	307	1
mlqa:309	310	1
mlqa:345	311	1
mlqa:911	312	1
mlqa:338	313	1
mlqa:10	314	1
mlqa:980	315	1
mlqa:408	316	1
mlqa:958	317	1
mlqa:287	318	1
mlqa:680	319	1
mlqa:209	320	1
mlqa:348	321	1
mlqa:624	322	1
mlqa:737	323	1
mlqa:266	323	1
mlqa:946	325	1
mlqa:823	326	1
mlqa:397	327	1
mlqa:461	328	1
mlqa:957	329	1
mlqa:451	330	1
mlqa:479	331	1
mlqa:16	332	1
mlqa:598	333	1
mlqa:38	334	1
mlqa:69	335	1
mlqa:664	336	1
mlqa:777	337	1
mlqa:740	338	1
mlqa:513	339	1
mlqa:274	340	1
mlqa:903	341	1
mlqa:955	342	1
mlqa:33	343	1
mlqa:947	344	1
mlqa:389	345	1
mlqa:552	347	1
mlqa:360	348	1
mlqa:213	349	1
mlqa:948	350	1
mlqa:424	351	1
mlqa:538	352	1
mlqa:975	353	1
mlqa:491	354	1
mlqa:915	355	1
mlqa:786	356	1
mlqa:938	357	1
mlqa:581	358	1
mlqa:283	359	1
mlqa:115	360	1
mlqa:591	361	1
mlqa:204	362	1
mlqa:682	363	1
mlqa:136	364	1
mlqa:51	365	1
mlqa:251	366	1
mlqa:261	367	1
mlqa:175	368	1
mlqa:953	369	1
mlqa:906	370	1
mlqa:544	371	1
mlqa:222	372	1
mlqa:402	373	1
mlqa:367	374	1
mlqa:956	375	1
mlqa:278	376	1
mlqa:40	377	1
mlqa:168	378	1
mlqa:782	379	1
mlqa:753	380	1
mlqa:962	381	1
mlqa:265	382	1
mlqa:532	383	1
mlqa:279	384	1
mlqa:890	385	1
mlqa:587	386	1
mlqa:705	387	1
mlqa:635	388	1
mlqa:540	389	1
mlqa:524	390	1
mlqa:972	395	1
mlqa:895	396	1
mlqa:119	397	1
mlqa:375	398	1
mlqa:301	399	1
mlqa:575	400	1
mlqa:920	401	1
mlqa:531	402	1
mlqa:619	403	1
mlqa:560	404	1
mlqa:708	405	1
mlqa:744	406	1
mlqa:949	407	1
mlqa:190	408	1
mlqa:131	409	1
mlqa:43	410	1
mlqa:384	411	1
mlqa:781	413	1
mlqa:169	414	1
mlqa:442	416	1
mlqa:248	417	1
mlqa:561	417	1
mlqa:891	417	1
mlqa:643	418	1
mlqa:725	419	1
mlqa:143	420	1
mlqa:331	421	1
mlqa:852	422	1
mlqa:52	423	1
mlqa:870	424	1
mlqa:554	425	1
mlqa:470	426	1
mlqa:976	427	1
mlqa:308	428	1
mlqa:186	429	1
mlqa:925	430	1
mlqa:910	431	1
mlqa:529	432	1
mlqa:658	434	1
mlqa:930	435	1
mlqa:926	435	1
mlqa:270	436	1
mlqa:194	437	1
mlqa:764	438	1
mlqa:800	439	1
mlqa:942	440	1
mlqa:590	442	1
mlqa:217	444	1
mlqa:716	445	1
mlqa:525	446	1
mlqa:387	448	1
mlqa:511	449	1
mlqa:880	450	1
mlqa:929	451	1
mlqa:68	452	1
mlqa:894	453	1
mlqa:171	454	1
mlqa:449	455	1
mlqa:184	456	1
mlqa:27	457	1
mlqa:26	458	1
mlqa:824	459	1
mlqa:914	460	1
mlqa:913	461	1
mlqa:105	462	1
mlqa:505	463	1
mlqa:260	464	1
mlqa:138	465	1
mlqa:979	466	1
mlqa:794	467	1
mlqa:611	468	1
mlqa:20	469	1
mlqa:291	470	1
mlqa:22	471	1
mlqa:699	472	1
mlqa:535	473	1
mlqa:212	474	1
mlqa:599	475	1
mlqa:210	476	1
mlqa:347	477	1
mlqa:937	478	1
mlqa:545	479	1
mlqa:776	481	1
mlqa:172	482	1
mlqa:23	483	1
mlqa:97	484	1
mlqa:974	485	1
mlqa:187	486	1
mlqa:359	488	1
mlqa:847	490	1
mlqa:62	491	1
mlqa:262	493	1
mlqa:140	493	1
mlqa:113	494	1
mlqa:506	495	1
mlqa:79	496	1
mlqa:201	498	1
mlqa:512	499	1
mlqa:102	500	1
mlqa:467	501	1
mlqa:173	502	1
mlqa:841	503	1
mlqa:921	504	1
mlqa:933	505	1
mlqa:812	506	1
mlqa:940	507	1
mlqa:704	508	1
mlqa:965	509	1
mlqa:854	510	1
mlqa:861	511	1
mlqa:343	513	1
mlqa:206	514	1
mlqa:316	515	1
mlqa:549	516	1
mlqa:439	517	1
mlqa:487	518	1
mlqa:285	519	1
mlqa:917	520	1
mlqa:380	521	1
mlqa:887	522	1
mlqa:431	523	1
mlqa:320	1	1
mlqa:943	2	1
mlqa:315	3	1
mlqa:633	4	1
mlqa:950	5	1
mlqa:302	6	1
mlqa:501	7	1
mlqa:488	8	1
mlqa:571	9	1
mlqa:839	10	1
mlqa:247	11	1
mlqa:318	12	1
mlqa:425	13	1
mlqa:673	14	1
mlqa:583	15	1
mlqa:328	16	1
mlqa:176	17	1
mlqa:414	18	1
mlqa:416	19	1
mlqa:662	20	1
mlqa:400	21	1
mlqa:255	22	1
mlqa:750	23	1
mlqa:600	24	1
mlqa:899	25	1
mlqa:928	26	1
mlqa:742	27	1
mlqa:403	28	1
mlqa:456	29	1
mlqa:395	30	1
mlqa:685	31	1
mlqa:973	32	1
mlqa:355	33	1
mlqa:236	34	1
mlqa:960	35	1
mlqa:951	36	1
mlqa:783	37	1
mlqa:321	38	1
mlqa:407	39	1
mlqa:297	40	1
mlqa:495	41	1
mlqa:221	42	1
mlqa:602	43	1
mlqa:579	44	1
mlqa:761	45	1
mlqa:694	46	1
mlqa:13	57	1
mlqa:897	163	1
mlqa:927	75	1
mlqa:961	272	1
mlqa:569	260	1
mlqa:730	269	1
mlqa:663	269	1
mlqa:797	277	1
mlqa:774	279	1
mlqa:151	81	1
mlqa:228	300	1
mlqa:737	324	1
mlqa:656	219	1
mlqa:762	67	1
mlqa:767	118	1
mlqa:476	116	1
mlqa:752	305	1
mlqa:686	180	1
mlqa:384	412	1
mlqa:442	415	1
mlqa:529	433	1
mlqa:217	443	1
mlqa:387	447	1
mlqa:847	489	1
mlqa:62	492	1
mlqa:201	497	1
mlqa:861	512	1
