82449	53562	1.0
146540	146098	1.0
146540	146242	1.0
46793	35871	1.0
46792	35026	1.0
158717	135850	1.0
90314	84761	1.0
90314	86054	1.0
149849	143921	1.0
119040	87723	1.0
392	21636	1.0
392	40327	1.0
392	8274	1.0
392	19249	1.0
392	20906	1.0
93137	114054	1.0
167615	137288	1.0
60016	60443	1.0
146315	143006	1.0
102361	66116	1.0
102361	67628	1.0
102361	66339	1.0
102361	67690	1.0
9750	103166	1.0
24148	21437	1.0
24148	48457	1.0
11849	13182	1.0
103707	102855	1.0
145772	12817	1.0
35219	167890	1.0
35219	36786	1.0
145776	106916	1.0
35211	52282	1.0
136325	45826	1.0
136325	120982	1.0
177486	18192	1.0
177486	98861	1.0
180006	28558	1.0
180006	178726	1.0
144588	147538	1.0
134095	133145	1.0
70139	30982	1.0
70139	70790	1.0
70139	66298	1.0
70139	72079	1.0
70139	79246	1.0
18895	30197	1.0
87124	64655	1.0
178477	133225	1.0
178477	133741	1.0
174116	115096	1.0
126668	126597	1.0
155463	146458	1.0
155463	150917	1.0
75055	66176	1.0
75055	70926	1.0
75055	80469	1.0
75055	71402	1.0
5862	7285	1.0
5862	15980	1.0
56840	58828	1.0
120087	29606	1.0
120087	23852	1.0
120087	18485	1.0
120087	112565	1.0
120087	65754	1.0
118304	79252	1.0
118304	170786	1.0
118304	157297	1.0
118304	153114	1.0
118304	79803	1.0
118304	121219	1.0
118304	150150	1.0
118304	79375	1.0
118304	47267	1.0
118304	173417	1.0
118304	143978	1.0
118304	155385	1.0
118304	149426	1.0
118304	138650	1.0
118304	158576	1.0
118304	79589	1.0
118304	79459	1.0
118304	147182	1.0
118304	116183	1.0
45631	38735	1.0
45630	42686	1.0
45630	44628	1.0
45630	53266	1.0
53568	53977	1.0
68633	164575	1.0
151773	62332	1.0
120198	125224	1.0
148022	183854	1.0
110515	108074	1.0
110515	108987	1.0
38609	38780	1.0
102754	74337	1.0
71571	155235	1.0
71571	84554	1.0
31760	89194	1.0
173093	82358	1.0
173093	160248	1.0
173093	97656	1.0
173093	113630	1.0
173093	137519	1.0
173093	87404	1.0
173093	142303	1.0
173093	118989	1.0
173093	151476	1.0
173093	150539	1.0
173093	89081	1.0
173093	177461	1.0
173093	174932	1.0
173093	175336	1.0
173093	116258	1.0
173093	136300	1.0
173093	126674	1.0
173093	115610	1.0
173093	173013	1.0
173093	129260	1.0
173093	147252	1.0
173093	115465	1.0
163803	164607	1.0
78115	33263	1.0
10353	167204	1.0
42994	36555	1.0
42993	26249	1.0
1727	80196	1.0
1724	1691	1.0
1724	22919	1.0
66937	66676	1.0
157597	130109	1.0
96661	8397	1.0
158329	66244	1.0
46087	29630	1.0
94285	84855	1.0
148382	137658	1.0
64219	54859	1.0
37889	125060	1.0
66214	65218	1.0
136179	136171	1.0
130580	28057	1.0
32935	343	1.0
32939	160523	1.0
23966	18636	1.0
23966	14022	1.0
23966	23637	1.0
23966	19220	1.0
23966	5004	1.0
23966	9492	1.0
23966	53190	1.0
23966	115006	1.0
23966	62953	1.0
23966	54762	1.0
23966	29375	1.0
23966	51800	1.0
23966	41213	1.0
23966	182524	1.0
23966	35550	1.0
23966	69326	1.0
146626	85107	1.0
146626	90153	1.0
139251	142382	1.0
73132	34922	1.0
14142	149977	1.0
122975	120925	1.0
122975	125006	1.0
122975	127381	1.0
69244	69789	1.0
123315	123321	1.0
123315	172527	1.0
130358	20769	1.0
130358	22157	1.0
172603	150068	1.0
46657	35593	1.0
46657	39323	1.0
44713	6329	1.0
161568	158045	1.0
161568	59731	1.0
161568	167395	1.0
161568	164855	1.0
14808	14779	1.0
114370	116947	1.0
160774	65409	1.0
173621	152579	1.0
52189	35541	1.0
52189	112162	1.0
63546	67301	1.0
21311	14348	1.0
21311	179267	1.0
21311	20816	1.0
21311	122444	1.0
21311	79193	1.0
3040	16848	1.0
3040	96189	1.0
137425	131235	1.0
55091	53964	1.0
55091	57603	1.0
55091	55521	1.0
151465	120311	1.0
130955	32813	1.0
130955	51843	1.0
55544	54445	1.0
22133	151413	1.0
101893	19332	1.0
174881	163647	1.0
42465	75752	1.0
97748	3633	1.0
159293	166953	1.0
63704	66971	1.0
162283	78314	1.0
162283	97988	1.0
1345	19678	1.0
92101	3173	1.0
66621	66112	1.0
66621	72100	1.0
66621	69492	1.0
66623	67321	1.0
66623	70212	1.0
133075	22408	1.0
133075	182668	1.0
133075	178259	1.0
133075	145666	1.0
133075	25390	1.0
133075	151102	1.0
133075	138423	1.0
133075	133599	1.0
133075	22626	1.0
133075	153392	1.0
133075	167543	1.0
133075	180192	1.0
133075	158077	1.0
133075	152431	1.0
133075	141581	1.0
133075	112015	1.0
75369	72913	1.0
139168	10056	1.0
139168	5457	1.0
139168	132259	1.0
108396	108479	1.0
108396	108818	1.0
108396	108600	1.0
23183	22392	1.0
25929	22391	1.0
25929	22732	1.0
25929	89926	1.0
74554	111976	1.0
42910	36594	1.0
42910	41440	1.0
42910	44416	1.0
42910	64874	1.0
71381	139102	1.0
122758	127571	1.0
36037	35121	1.0
36037	36602	1.0
36036	48462	1.0
36036	44585	1.0
36036	40707	1.0
84665	85658	1.0
84665	84990	1.0
84665	85310	1.0
33204	48102	1.0
87002	85514	1.0
8176	60310	1.0
28975	33108	1.0
60354	17014	1.0
60354	58004	1.0
152954	136607	1.0
67719	69837	1.0
67719	167587	1.0
67719	77132	1.0
83002	35529	1.0
63118	183177	1.0
128142	127823	1.0
48360	64235	1.0
62865	62428	1.0
26973	22593	1.0
152047	164661	1.0
142791	64456	1.0
45065	45421	1.0
170910	166613	1.0
44334	41397	1.0
54373	63719	1.0
150072	122246	1.0
150072	178543	1.0
150072	23440	1.0
150072	164791	1.0
150072	144893	1.0
150072	153369	1.0
150072	158185	1.0
150072	130812	1.0
150072	49104	1.0
150072	126406	1.0
150072	152592	1.0
150072	130408	1.0
150072	173488	1.0
150072	128502	1.0
150072	155287	1.0
150072	117244	1.0
150072	148840	1.0
150072	120679	1.0
150072	130298	1.0
150072	146141	1.0
150072	160291	1.0
150072	122703	1.0
150072	125601	1.0
150072	114431	1.0
150072	155834	1.0
150072	176895	1.0
150072	174425	1.0
150072	169603	1.0
150072	169966	1.0
150072	139107	1.0
148895	77807	1.0
148895	126889	1.0
148895	150938	1.0
148895	158685	1.0
55938	54211	1.0
149857	174830	1.0
149857	161870	1.0
18442	5727	1.0
44225	36719	1.0
108212	107299	1.0
120218	128997	1.0
132464	131498	1.0
132464	138031	1.0
132464	132639	1.0
132464	145217	1.0
42030	35003	1.0
42030	138297	1.0
42030	182397	1.0
42030	66300	1.0
42030	40231	1.0
144623	137041	1.0
144623	137053	1.0
121389	110277	1.0
125260	8281	1.0
125260	9182	1.0
170866	940	1.0
94817	173118	1.0
29907	91814	1.0
116598	47102	1.0
116598	121646	1.0
120073	172823	1.0
148516	40973	1.0
148519	151991	1.0
80543	80031	1.0
80543	173090	1.0
80543	55773	1.0
80543	80364	1.0
63323	98046	1.0
142610	143622	1.0
66315	66179	1.0
24376	24726	1.0
28717	174406	1.0
28714	4007	1.0
28714	4353	1.0
94597	85420	1.0
145481	105761	1.0
93742	147850	1.0
93742	149194	1.0
32299	58954	1.0
32299	167926	1.0
32299	114334	1.0
32299	57920	1.0
32299	58190	1.0
32299	73866	1.0
32299	109820	1.0
39967	37227	1.0
2151	36846	1.0
113449	9745	1.0
102996	135928	1.0
70755	66107	1.0
71400	71689	1.0
89237	71722	1.0
89237	89443	1.0
137220	137573	1.0
137220	137649	1.0
137220	144705	1.0
137220	151233	1.0
517	178597	1.0
517	20266	1.0
15000	116865	1.0
15000	102796	1.0
77803	20182	1.0
77803	114566	1.0
35800	148415	1.0
35800	159689	1.0
35800	95992	1.0
103806	102661	1.0
84838	87023	1.0
69523	71020	1.0
69523	77228	1.0
69522	66822	1.0
81176	269	1.0
43555	43575	1.0
104037	26246	1.0
104037	77799	1.0
104037	58297	1.0
104037	59786	1.0
104037	58479	1.0
81923	84715	1.0
80030	61957	1.0
120163	52240	1.0
11937	15403	1.0
11937	13851	1.0
148268	37520	1.0
155925	162126	1.0
174493	151636	1.0
153109	117121	1.0
148426	27258	1.0
160548	119728	1.0
160548	131320	1.0
160548	146702	1.0
160548	141922	1.0
155236	15972	1.0
25173	11137	1.0
120525	119166	1.0
98975	96374	1.0
54642	53843	1.0
54642	55021	1.0
109332	108291	1.0
161591	12069	1.0
50016	50696	1.0
75931	81712	1.0
51760	118145	1.0
4550	108574	1.0
85244	87601	1.0
85244	121860	1.0
101931	84603	1.0
159789	177881	1.0
124669	128960	1.0
144824	149971	1.0
82758	68506	1.0
82758	71705	1.0
63625	70749	1.0
167119	172790	1.0
41856	64188	1.0
108472	108429	1.0
94706	10449	1.0
94706	17272	1.0
155818	102707	1.0
51090	51861	1.0
34982	35012	1.0
95074	133187	1.0
66475	66238	1.0
151905	149043	1.0
97343	70974	1.0
137618	137700	1.0
71859	71069	1.0
93582	8611	1.0
66734	81333	1.0
66734	84969	1.0
66734	69989	1.0
4695	6806	1.0
4695	6424	1.0
123647	119333	1.0
172050	65771	1.0
172050	79341	1.0
85786	85158	1.0
15537	17827	1.0
8236	11961	1.0
37138	61793	1.0
131834	132028	1.0
131837	48171	1.0
112987	15077	1.0
149620	150399	1.0
152462	151526	1.0
91741	30628	1.0
91741	32566	1.0
35743	80561	1.0
162866	73964	1.0
143945	162265	1.0
35221	44320	1.0
100281	116181	1.0
14666	124433	1.0
14666	28850	1.0
130982	61900	1.0
43888	42072	1.0
170941	719	1.0
170941	51468	1.0
170941	22404	1.0
170941	27969	1.0
170941	148613	1.0
133515	31689	1.0
36146	36044	1.0
71729	153023	1.0
122372	47774	1.0
178449	120357	1.0
8008	47059	1.0
8008	30572	1.0
8008	24604	1.0
120612	130321	1.0
10890	14070	1.0
166806	11628	1.0
166806	12924	1.0
166801	142363	1.0
166801	150082	1.0
16380	7600	1.0
21293	23063	1.0
20523	21257	1.0
57871	55186	1.0
57871	56684	1.0
57871	61579	1.0
58521	60924	1.0
58521	58982	1.0
72120	116691	1.0
73380	160174	1.0
165832	53962	1.0
165832	182142	1.0
165832	127439	1.0
165832	21541	1.0
57409	114825	1.0
57409	114722	1.0
106383	108690	1.0
71520	113229	1.0
38630	155962	1.0
30409	28801	1.0
30409	86335	1.0
30409	122454	1.0
30409	163696	1.0
35921	38378	1.0
119204	130771	1.0
32265	43316	1.0
50873	86272	1.0
160463	152161	1.0
160560	39923	1.0
167653	148549	1.0
68106	67346	1.0
34502	35090	1.0
23068	11322	1.0
23068	16664	1.0
144372	124438	1.0
50682	51306	1.0
109539	123751	1.0
146611	145696	1.0
146611	147009	1.0
36374	63867	1.0
123491	67111	1.0
70594	66352	1.0
70594	66635	1.0
36593	39307	1.0
41301	39856	1.0
41301	41000	1.0
82073	78049	1.0
6406	5381	1.0
87428	87548	1.0
16751	161207	1.0
53762	53759	1.0
12860	7492	1.0
400	27474	1.0
26513	112547	1.0
114416	30022	1.0
104596	29272	1.0
104596	65524	1.0
104596	100106	1.0
183356	68283	1.0
135629	143395	1.0
93441	148292	1.0
133663	131522	1.0
65010	67864	1.0
42436	45595	1.0
20831	7568	1.0
121071	86853	1.0
162509	172633	1.0
44535	1909	1.0
179106	126856	1.0
38496	36692	1.0
176828	150865	1.0
62153	148017	1.0
143603	147056	1.0
66673	70128	1.0
166382	102929	1.0
161971	166379	1.0
174461	174631	1.0
35029	34964	1.0
35024	36707	1.0
52055	35634	1.0
141990	5674	1.0
53900	53166	1.0
53900	89752	1.0
53904	54051	1.0
30221	28626	1.0
170756	10244	1.0
35348	35429	1.0
145889	56531	1.0
135816	85978	1.0
135816	92758	1.0
135816	89281	1.0
135816	93613	1.0
135816	89282	1.0
135816	162148	1.0
130001	78183	1.0
12982	20771	1.0
174263	163385	1.0
19184	60649	1.0
28920	30288	1.0
116464	89014	1.0
19234	45926	1.0
94189	127260	1.0
97565	85313	1.0
97565	89426	1.0
49006	75101	1.0
179314	177934	1.0
68895	68008	1.0
55381	53844	1.0
55381	54040	1.0
74761	44880	1.0
24996	25365	1.0
63828	71813	1.0
63828	66402	1.0
63828	69820	1.0
37662	155456	1.0
37662	45955	1.0
112158	79640	1.0
178945	178949	1.0
85944	86019	1.0
138845	135374	1.0
138845	161094	1.0
138845	147830	1.0
6481	1543	1.0
66216	157951	1.0
43713	97506	1.0
43717	35989	1.0
150021	111753	1.0
70253	80479	1.0
176652	174994	1.0
138459	134200	1.0
48962	42989	1.0
121898	30415	1.0
121898	30462	1.0
150776	2262	1.0
62644	68599	1.0
68919	68889	1.0
79628	42026	1.0
66349	66940	1.0
66349	67430	1.0
55027	39430	1.0
35443	119656	1.0
35443	45860	1.0
56046	59783	1.0
156009	12695	1.0
156009	31453	1.0
33044	48550	1.0
132930	153610	1.0
148466	96496	1.0
148466	148259	1.0
148466	148005	1.0
148466	143083	1.0
132060	115648	1.0
74853	150338	1.0
74853	137533	1.0
21121	75884	1.0
126067	131113	1.0
82541	102548	1.0
82541	147083	1.0
82541	27884	1.0
61815	30744	1.0
63413	68788	1.0
49427	43515	1.0
58319	62330	1.0
58319	59558	1.0
58310	57890	1.0
78743	93177	1.0
106408	109246	1.0
100377	86900	1.0
34615	37830	1.0
151205	108250	1.0
151205	157546	1.0
75659	69584	1.0
94511	74367	1.0
38037	10226	1.0
38037	18948	1.0
146722	136040	1.0
147891	145011	1.0
86704	87398	1.0
7786	902	1.0
7786	36103	1.0
136978	142066	1.0
136978	141693	1.0
103334	151240	1.0
47106	37605	1.0
82706	72934	1.0
42577	42227	1.0
119966	122092	1.0
54306	53809	1.0
89843	87278	1.0
111757	107759	1.0
18908	8710	1.0
18908	96625	1.0
120372	128665	1.0
120372	125634	1.0
116703	41640	1.0
116703	152811	1.0
116707	116206	1.0
106193	108571	1.0
37247	176603	1.0
37247	45408	1.0
37247	44084	1.0
23364	123430	1.0
6656	73379	1.0
75750	110169	1.0
179514	158618	1.0
179514	170034	1.0
36656	40587	1.0
132883	142552	1.0
76474	69112	1.0
76474	71915	1.0
5698	136860	1.0
89316	117716	1.0
89315	101807	1.0
89315	93710	1.0
51971	35141	1.0
51971	43680	1.0
56983	114366	1.0
100002	96370	1.0
100002	167166	1.0
100002	126194	1.0
118247	85097	1.0
118247	174344	1.0
42722	46418	1.0
145236	144116	1.0
162619	158001	1.0
45711	82424	1.0
54112	53213	1.0
24493	17105	1.0
24493	98213	1.0
104527	158583	1.0
76107	8459	1.0
131556	132726	1.0
131556	133792	1.0
131556	131725	1.0
4116	82265	1.0
156728	136624	1.0
156728	160017	1.0
156728	138598	1.0
156728	144315	1.0
156728	149591	1.0
156728	139225	1.0
156728	151809	1.0
156728	150960	1.0
111879	111880	1.0
111879	121864	1.0
135922	137621	1.0
29850	65100	1.0
175228	42979	1.0
71718	76340	1.0
89433	68469	1.0
89433	76915	1.0
126174	50504	1.0
158220	159481	1.0
119413	124642	1.0
167163	144351	1.0
167163	156267	1.0
57152	60874	1.0
64065	54677	1.0
63492	35755	1.0
20519	42746	1.0
148776	151213	1.0
148776	149181	1.0
48779	98930	1.0
48779	36316	1.0
106490	167012	1.0
54635	54547	1.0
136721	162762	1.0
72175	180284	1.0
55146	82546	1.0
55146	57097	1.0
56491	55509	1.0
27358	23755	1.0
153205	7968	1.0
153205	162103	1.0
14604	78868	1.0
89187	37182	1.0
31431	136453	1.0
69430	63740	1.0
154737	20842	1.0
90528	131819	1.0
119187	96125	1.0
66994	66096	1.0
66994	156600	1.0
50427	170943	1.0
56123	53640	1.0
97334	125203	1.0
22661	24276	1.0
24080	86985	1.0
36845	36256	1.0
71821	70553	1.0
68286	68091	1.0
131693	131309	1.0
55337	55071	1.0
36304	72442	1.0
143267	122970	1.0
87041	84680	1.0
64616	2423	1.0
152444	139360	1.0
55641	53526	1.0
110214	109638	1.0
101728	61334	1.0
23248	125194	1.0
144203	107310	1.0
89213	181369	1.0
89213	97720	1.0
69016	70527	1.0
21469	109683	1.0
61280	49522	1.0
115059	53523	1.0
115059	54419	1.0
143383	137077	1.0
8310	82488	1.0
8310	20635	1.0
8313	165352	1.0
8313	17754	1.0
115943	137371	1.0
115943	151336	1.0
115943	143072	1.0
166799	120731	1.0
160096	143408	1.0
18504	131413	1.0
18504	145016	1.0
18504	35334	1.0
18504	372	1.0
15159	114838	1.0
107154	98201	1.0
107154	144062	1.0
78170	68140	1.0
39285	34958	1.0
183644	63071	1.0
103488	45951	1.0
53642	53527	1.0
53642	56032	1.0
70095	72757	1.0
138692	19426	1.0
138692	154921	1.0
17946	16294	1.0
123794	136691	1.0
66911	14625	1.0
82114	66745	1.0
50820	143246	1.0
50820	143291	1.0
52531	7931	1.0
166407	27622	1.0
152683	161212	1.0
142088	127748	1.0
179368	49972	1.0
179368	52542	1.0
24252	40182	1.0
24252	136062	1.0
164704	76543	1.0
164704	120506	1.0
79046	58048	1.0
31984	19308	1.0
157396	74811	1.0
157396	75881	1.0
37473	80831	1.0
86322	85294	1.0
90407	92111	1.0
125209	1712	1.0
5414	5412	1.0
94878	26114	1.0
56370	54354	1.0
161784	161651	1.0
60619	77923	1.0
95451	95132	1.0
128255	125732	1.0
135657	139361	1.0
137242	138032	1.0
137242	137019	1.0
38240	113846	1.0
38240	51429	1.0
31324	34155	1.0
84851	95353	1.0
176782	77192	1.0
120935	34076	1.0
120935	151524	1.0
127012	123911	1.0
32529	31697	1.0
52007	82832	1.0
82536	114508	1.0
102154	120627	1.0
102154	125914	1.0
102154	146343	1.0
49417	36422	1.0
66164	68384	1.0
138616	75291	1.0
122774	130637	1.0
122774	127016	1.0
36011	34968	1.0
36011	43096	1.0
36011	38452	1.0
33226	159889	1.0
14500	73213	1.0
97597	98034	1.0
97597	97610	1.0
118655	56083	1.0
113673	150956	1.0
75460	55187	1.0
116772	84455	1.0
183174	31363	1.0
183174	165101	1.0
183174	154977	1.0
183174	45024	1.0
183174	78818	1.0
155609	155587	1.0
68254	68977	1.0
177595	18592	1.0
177595	119386	1.0
132447	147213	1.0
46755	78652	1.0
46755	129775	1.0
155600	146586	1.0
138792	86801	1.0
178653	178660	1.0
48916	101607	1.0
113687	35544	1.0
11667	116421	1.0
121828	124568	1.0
53783	167495	1.0
68493	72018	1.0
168768	137730	1.0
66332	106361	1.0
55073	54597	1.0
133219	144067	1.0
49881	50520	1.0
34848	33450	1.0
129933	132854	1.0
1878	3682	1.0
54662	53536	1.0
107305	149898	1.0
22782	12020	1.0
40718	125535	1.0
26531	129957	1.0
20498	25283	1.0
39257	78336	1.0
170406	117837	1.0
170406	139261	1.0
49654	29516	1.0
49654	76172	1.0
49654	38585	1.0
49654	130107	1.0
49654	164137	1.0
122433	106098	1.0
122438	125788	1.0
1793	29812	1.0
64460	155409	1.0
58248	37095	1.0
183274	139223	1.0
66757	68098	1.0
87519	130514	1.0
135720	149110	1.0
154772	117746	1.0
154772	147577	1.0
49592	61887	1.0
69166	70503	1.0
90308	150626	1.0
133475	160222	1.0
133475	168127	1.0
133475	135718	1.0
175094	169226	1.0
175094	169556	1.0
126479	126449	1.0
126479	125756	1.0
113173	34936	1.0
113173	35489	1.0
113173	82577	1.0
30322	183212	1.0
67367	66792	1.0
108132	107973	1.0
138500	35351	1.0
138500	36714	1.0
36167	34525	1.0
36167	35285	1.0
161153	34336	1.0
44924	415	1.0
44924	96605	1.0
44924	183580	1.0
82146	81100	1.0
81519	164627	1.0
96407	8420	1.0
95558	62233	1.0
56852	55413	1.0
166821	144415	1.0
63265	86248	1.0
67564	73208	1.0
24543	25227	1.0
47441	37462	1.0
27015	159212	1.0
117519	113455	1.0
97057	94656	1.0
53966	55771	1.0
39561	7470	1.0
133802	40933	1.0
133802	52272	1.0
4778	6645	1.0
177132	33601	1.0
177132	174237	1.0
177132	46030	1.0
42307	14876	1.0
42307	24836	1.0
122925	128734	1.0
141707	45921	1.0
141707	100035	1.0
30069	64041	1.0
16208	8842	1.0
157028	162489	1.0
162158	69000	1.0
57914	58179	1.0
57914	58015	1.0
107027	107443	1.0
66205	67114	1.0
74255	68075	1.0
4890	17822	1.0
138132	52074	1.0
41320	154778	1.0
41320	25397	1.0
137370	137587	1.0
137473	135877	1.0
137473	136545	1.0
69253	75943	1.0
49519	49520	1.0
132399	163238	1.0
90387	35409	1.0
13330	155039	1.0
151335	174722	1.0
137170	137493	1.0
67056	66632	1.0
67056	68309	1.0
106540	26812	1.0
30903	66033	1.0
147658	150254	1.0
147658	164114	1.0
147658	159358	1.0
147658	142498	1.0
85680	156516	1.0
39646	7951	1.0
71215	67732	1.0
16636	9717	1.0
7936	8892	1.0
95446	2857	1.0
159119	166234	1.0
66652	63563	1.0
121993	122741	1.0
142135	98908	1.0
118118	141715	1.0
145643	144767	1.0
145643	162360	1.0
113962	74329	1.0
113962	75240	1.0
108387	113814	1.0
111860	113659	1.0
76941	77112	1.0
76941	165366	1.0
74547	66125	1.0
44068	128791	1.0
63582	70996	1.0
94211	110573	1.0
42591	34962	1.0
58461	5670	1.0
178061	120663	1.0
121987	147796	1.0
58395	7629	1.0
58395	58517	1.0
54630	51203	1.0
113208	85034	1.0
106132	105974	1.0
102625	105819	1.0
71624	68692	1.0
71624	80603	1.0
108481	108575	1.0
159431	167851	1.0
43994	44633	1.0
168330	172360	1.0
129739	130523	1.0
119533	127322	1.0
102177	78977	1.0
80554	69275	1.0
428	64924	1.0
141668	143690	1.0
37697	128580	1.0
37697	109425	1.0
147159	26271	1.0
170174	174238	1.0
87725	89006	1.0
54510	54732	1.0
123983	65059	1.0
124902	10385	1.0
8616	8131	1.0
127353	178302	1.0
143892	157642	1.0
130173	59052	1.0
136991	138093	1.0
119903	96776	1.0
149020	148739	1.0
45567	45785	1.0
112810	169067	1.0
45380	22393	1.0
29401	182320	1.0
119123	10318	1.0
128036	40251	1.0
68220	69822	1.0
31295	45422	1.0
132412	123739	1.0
66707	73251	1.0
23309	154729	1.0
72763	114795	1.0
121319	132475	1.0
4685	5788	1.0
125129	29432	1.0
84799	105960	1.0
84799	91769	1.0
33334	620	1.0
155074	147835	1.0
69132	77647	1.0
68422	67281	1.0
35752	42150	1.0
4919	34441	1.0
4915	50	1.0
138944	137078	1.0
130782	135599	1.0
4491	72618	1.0
133500	134162	1.0
128428	28286	1.0
110615	111722	1.0
81523	80719	1.0
167339	141724	1.0
136700	78334	1.0
55163	54473	1.0
24880	60989	1.0
39595	41700	1.0
131475	131250	1.0
169611	163488	1.0
68111	68022	1.0
94179	156674	1.0
54992	57147	1.0
27557	41264	1.0
169522	172560	1.0
66788	66952	1.0
66788	66987	1.0
145019	93703	1.0
146593	170368	1.0
182381	183268	1.0
86401	125247	1.0
137304	7852	1.0
34981	35256	1.0
82402	130329	1.0
148073	34757	1.0
148073	121622	1.0
116802	1476	1.0
93822	139009	1.0
52148	149684	1.0
63502	31226	1.0
24103	5345	1.0
161794	7405	1.0
142388	133986	1.0
78563	65780	1.0
78563	89415	1.0
23224	28448	1.0
32709	51074	1.0
77471	158318	1.0
40670	37913	1.0
40670	69980	1.0
40670	39439	1.0
40670	146101	1.0
20821	74744	1.0
178779	103728	1.0
178779	126890	1.0
136212	98909	1.0
15177	4480	1.0
4235	4867	1.0
74517	67147	1.0
85577	88817	1.0
37679	39000	1.0
82865	59933	1.0
149569	31116	1.0
142845	142735	1.0
137385	137352	1.0
19427	9805	1.0
21806	179832	1.0
38899	42053	1.0
41031	38759	1.0
96549	114910	1.0
62674	176636	1.0
67006	86052	1.0
67007	49461	1.0
67007	85589	1.0
67007	79644	1.0
35437	34225	1.0
36202	126651	1.0
36206	169416	1.0
33070	114877	1.0
136551	135560	1.0
62471	53623	1.0
20397	20456	1.0
146639	148271	1.0
64356	66774	1.0
64356	72180	1.0
64356	67434	1.0
112337	35262	1.0
112337	52585	1.0
137067	157482	1.0
66144	75582	1.0
32668	112519	1.0
24610	24611	1.0
154903	17280	1.0
38141	41219	1.0
66024	170277	1.0
69337	67131	1.0
52223	101882	1.0
38410	125750	1.0
38410	53103	1.0
35112	37115	1.0
55465	100223	1.0
127170	52687	1.0
33406	40492	1.0
172533	64714	1.0
173395	137075	1.0
173395	137941	1.0
134219	132027	1.0
176898	67832	1.0
42736	153428	1.0
115147	124882	1.0
34472	143397	1.0
107773	165191	1.0
111894	65234	1.0
39468	39409	1.0
648	2735	1.0
136081	138590	1.0
22230	132824	1.0
128530	103448	1.0
182860	182859	1.0
183158	174599	1.0
164167	61970	1.0
164167	131624	1.0
164167	142367	1.0
33098	20692	1.0
33098	33293	1.0
33098	41365	1.0
33098	29367	1.0
120444	120606	1.0
107500	125383	1.0
94144	109773	1.0
50648	49969	1.0
138733	164904	1.0
41693	93484	1.0
88962	87628	1.0
64607	64621	1.0
95784	24029	1.0
114459	79547	1.0
142359	142749	1.0
108110	108115	1.0
131095	59318	1.0
134311	138385	1.0
44901	40205	1.0
121960	90024	1.0
42164	35452	1.0
118999	37085	1.0
71565	50213	1.0
71565	68973	1.0
45356	96143	1.0
96385	96359	1.0
82833	8169	1.0
52528	79118	1.0
904	21504	1.0
125925	29666	1.0
143058	142074	1.0
32948	42398	1.0
135463	134315	1.0
28023	149054	1.0
25337	60038	1.0
22947	24564	1.0
183865	10308	1.0
35405	41457	1.0
38783	35122	1.0
5898	7806	1.0
63712	93457	1.0
104453	110177	1.0
117319	95540	1.0
124936	127050	1.0
2908	93150	1.0
72286	73465	1.0
66173	68835	1.0
125736	174288	1.0
37772	43932	1.0
159718	159553	1.0
26961	34308	1.0
152057	175366	1.0
168459	62763	1.0
150029	156913	1.0
58831	58810	1.0
78003	121025	1.0
114842	82463	1.0
161038	5601	1.0
161038	60127	1.0
109012	109022	1.0
78246	92041	1.0
65828	143450	1.0
41100	34449	1.0
121651	122523	1.0
112796	112728	1.0
169171	164476	1.0
82589	36346	1.0
124854	30311	1.0
124854	80769	1.0
143874	147040	1.0
40493	38985	1.0
23669	80067	1.0
53690	55324	1.0
6615	4732	1.0
157048	75955	1.0
50630	24774	1.0
38090	98652	1.0
150876	173810	1.0
11898	3687	1.0
54158	124062	1.0
166547	175318	1.0
57601	56813	1.0
35893	85150	1.0
43878	145540	1.0
6797	65236	1.0
123382	169198	1.0
8016	8417	1.0
168695	179651	1.0
141451	81897	1.0
106640	106473	1.0
125077	48176	1.0
153571	135649	1.0
8192	47634	1.0
122227	116564	1.0
67141	68987	1.0
34512	30825	1.0
85106	85067	1.0
22154	41904	1.0
135615	51786	1.0
83030	83346	1.0
138052	81287	1.0
155544	131849	1.0
76069	100043	1.0
82634	82633	1.0
52329	41831	1.0
7928	65851	1.0
12996	10774	1.0
25670	43206	1.0
141559	56734	1.0
76389	134012	1.0
147048	146550	1.0
132579	141423	1.0
102438	164109	1.0
54741	53804	1.0
143188	144876	1.0
176570	106815	1.0
120346	84689	1.0
148876	137676	1.0
146973	133570	1.0
71115	72159	1.0
13624	26940	1.0
57857	57869	1.0
35086	34634	1.0
170444	164343	1.0
20746	29878	1.0
119266	39458	1.0
22396	23464	1.0
169827	170561	1.0
112920	9148	1.0
104244	103781	1.0
38554	177724	1.0
109923	1497	1.0
121254	98332	1.0
43283	88839	1.0
103042	86118	1.0
177030	466	1.0
128478	128480	1.0
68743	66748	1.0
